query,ndcg_delta,query_path
can pine floors be whitewashed,0.0,can-pine-floors-be-whitewashed-3a83bf4a
cheated on definition,0.0,cheated-on-definition-9413b483
convert acres to sq. ft.,0.0,convert-acres-to-sq-ft-31871010
degenerate matter is formed when,0.0,degenerate-matter-is-formed-when-8cea4015
diaphragm basic function,0.0,diaphragm-basic-function-a406a1ef
do leafy greens have iron,0.0,do-leafy-greens-have-iron-c26466fd
do you weigh more before or after a workout,0.0,do-you-weigh-more-before-or-after-a-work-284394b8
does adult acne rosacea give you blepharitis,0.0,does-adult-acne-rosacea-give-you-blephar-27601c98
effects of using pedialyte,0.0,effects-of-using-pedialyte-ea695d60
freedom home mortgage phone number,0.0,freedom-home-mortgage-phone-number-aac46555
frontier customer service number,0.0,frontier-customer-service-number-9ac66750
how big are table tennis tops,0.0,how-big-are-table-tennis-tops-188d912b
how far down do great white sharks live,0.0,how-far-down-do-great-white-sharks-live-748955b6
how format numbers as social security format,0.0,how-format-numbers-as-social-security-fo-46c1024c
how long do slider turtles live,0.0,how-long-do-slider-turtles-live-23aa2ca3
how long is a day on ven,0.0,how-long-is-a-day-on-ven-7d41ce07
how long take tylenol codeine to get out system,0.0,how-long-take-tylenol-codeine-to-get-out-95960bae
how many calories in provolone cheese,0.0,how-many-calories-in-provolone-cheese-c16456ec
how many days at dollywood,0.0,how-many-days-at-dollywood-64c3a9bf
how many on a water polo team,0.0,how-many-on-a-water-polo-team-53aaed3d
how many people died in the molasses flood,0.0,how-many-people-died-in-the-molasses-flo-fe759f95
how much does it cost to clear a drain,0.02845142934561712,how-much-does-it-cost-to-clear-a-drain-cdfac848
how much is a cinema ticket,0.0,how-much-is-a-cinema-ticket-8f9517da
how much is a switch,0.0,how-much-is-a-switch-a2e3e685
how much money can i make before i file taxes,0.0,how-much-money-can-i-make-before-i-file--8d8a77ed
how to prepare jars for canning,0.0,how-to-prepare-jars-for-canning-6488bdd5
in tax terms what is actc,0.0,in-tax-terms-what-is-actc-ba8a9e54
is clindamycin an antibiotic,0.0,is-clindamycin-an-antibiotic-3fc2667c
meaning of don't tread on me,0.0,meaning-of-don-t-tread-on-me-747c9ee1
peyer's patch definition,0.0,peyer-s-patch-definition-fb07d085
sources of protein list for diabetics,0.0,sources-of-protein-list-for-diabetics-97e539c9
temperature in oslo in september,0.0,temperature-in-oslo-in-september-d85e2d3b
trumbull marriott fax number,0.0,trumbull-marriott-fax-number-0bc09550
trumpeted meaning,0.0,trumpeted-meaning-709b7294
types of venous access devices,0.0,types-of-venous-access-devices-8539188e
vamps definition,0.0,vamps-definition-e22cfbdc
war thunder launcher,0.0,war-thunder-launcher-acc68251
weather in oran,0.0,weather-in-oran-a8d2950e
what are causes of swelling of my tongue?,0.0,what-are-causes-of-swelling-of-my-tongue-c6f00093
what are the color of the vietnam service ribbon,0.0,what-are-the-color-of-the-vietnam-servic-553f3a24
what are the ingredients in stemuderm,0.0,what-are-the-ingredients-in-stemuderm-12f89337
what are the two major subdivisions of the nervous system?,0.0,what-are-the-two-major-subdivisions-of-t-6a3860a7
what are yellow roses mean,0.0,what-are-yellow-roses-mean-4f32708e
what book was on new york times list for patti callahan henry,0.0,what-book-was-on-new-york-times-list-for-1641883d
what causes twitching of eyelid,0.0,what-causes-twitching-of-eyelid-9ea143a3
what contains inner membranes arranged in stacks of membranous sacs called grana,0.0,what-contains-inner-membranes-arranged-i-012a860a
what county is lake harris florida,0.0,what-county-is-lake-harris-florida-e17922b9
what does creek mean,0.0,what-does-creek-mean-1d75a622
what does tear himself away mean,0.0,what-does-tear-himself-away-mean-f0e2b1ed
what does the name yamil mean,0.0,what-does-the-name-yamil-mean-f5d7448b
what does the word intimidated mean,0.0,what-does-the-word-intimidated-mean-feac278e
what does unequal distribution of wealth mean in the great depression,0.0,what-does-unequal-distribution-of-wealth-774392bf
what famous hollywood composer wrote the film music to king kong,0.0,what-famous-hollywood-composer-wrote-the-54dfc2ae
what is a danish sport,0.0,what-is-a-danish-sport-26c74c75
what is a major function of the neurological system?,0.0,what-is-a-major-function-of-the-neurolog-f1eb7c9f
what is a podiatry,0.0,what-is-a-podiatry-0b76c3da
what is a safe dose of tramadol,0.0,what-is-a-safe-dose-of-tramadol-33bc2289
what is blue ice in a lake,0.0,what-is-blue-ice-in-a-lake-5894e477
what is cash limit,0.0,what-is-cash-limit-b3c74b32
what is conjugated,0.0,what-is-conjugated-621c639e
what is florida villa,0.0,what-is-florida-villa-aaed0579
what is fraenulum?,0.0,what-is-fraenulum-90bd050d
what is hess's law,0.0,what-is-hess-s-law-4135333b
what is it called when you flex a muscle,-0.1138057173824685,what-is-it-called-when-you-flex-a-muscle-cc8502b0
what is string cheese incident,0.0,what-is-string-cheese-incident-46cefca6
what is the advantage of sexual reproduction,0.0,what-is-the-advantage-of-sexual-reproduc-85d91a8b
what is the description of a gas,0.0,what-is-the-description-of-a-gas-26016ed8
what is the meaning of the word merci,0.0,what-is-the-meaning-of-the-word-merci-911ecbde
what is the properties of breadfruit flour,0.0,what-is-the-properties-of-breadfruit-flo-cbf16c82
what is the shingles jab?,0.0,what-is-the-shingles-jab-98b04ca8
what is tracers,0.0,what-is-tracers-c93c78b2
what is your mandible,0.0,what-is-your-mandible-978ab9dc
what kills ants home remedy,0.0,what-kills-ants-home-remedy-a31ab717
what kind of shoes do you wear with skinny pants,0.0,what-kind-of-shoes-do-you-wear-with-skin-18bbcfb9
what products is bali known for,0.0,what-products-is-bali-known-for-fa864051
what region was rome in,0.0,what-region-was-rome-in-fe4bda65
what settings do i go to scan a picture to my pc,0.0,what-settings-do-i-go-to-scan-a-picture--5b3706b7
what states made up the union,0.0,what-states-made-up-the-union-77b2c00b
what symptoms and causes of fatty liver,0.0,what-symptoms-and-causes-of-fatty-liver-2aafdc72
what the average temp in tampa fl in october,0.0,what-the-average-temp-in-tampa-fl-in-oct-31396d9c
what time does chick-fil-a breakfast close,0.0,what-time-does-chick-fil-a-breakfast-clo-b9ee7aa9
what was its cost of goods sold? quizlet,0.0,what-was-its-cost-of-goods-sold-quizlet-371d24d6
what was the name of the ellen degeneres sitcom,0.0,what-was-the-name-of-the-ellen-degeneres-e8746e76
what was the strawberry kids cereal,0.0,what-was-the-strawberry-kids-cereal-6808bb10
what's the weather like in billings montana?,0.0,what-s-the-weather-like-in-billings-mont-8a2d1075
when did internet become popular,0.0,when-did-internet-become-popular-a52094b3
when did the sitcom. rhoda come out?,0.0,when-did-the-sitcom-rhoda-come-out-200d07e5
when do atoms become excited,0.0,when-do-atoms-become-excited-b3413434
when is the best time to visit spain?,0.0,when-is-the-best-time-to-visit-spain-f434aabc
when was outlet founded thurman,0.0,when-was-outlet-founded-thurman-38592da9
where is miralago,0.0,where-is-miralago-650cefcf
where is ozark lake missouri,0.0,where-is-ozark-lake-missouri-d2964883
where is santa domingo,0.0,where-is-santa-domingo-650076cf
where is the aba number on a check located,0.0,where-is-the-aba-number-on-a-check-locat-1b7771b0
which heart valve is between the left atrium and left ventricle?,0.0,which-heart-valve-is-between-the-left-at-49cd9b18
which was one immediate effect,0.0,which-was-one-immediate-effect-2e492c7a
who wrote jude the obscure,0.0,who-wrote-jude-the-obscure-18c23f2c
why did the supreme court expand the incorporation of the bill of rights,0.0,why-did-the-supreme-court-expand-the-inc-81e38bc6
why do eyelids sag,0.0,why-do-eyelids-sag-accc5161
withdrawal symptoms for coffee,0.0,withdrawal-symptoms-for-coffee-4a5797cf
