query,rank,doc_id,title,description
cheated on definition,1,8090236,,"Cheat sheet definition at Dictionary.com, a free online dictionary with pronunciation, synonyms and translation. Look it up now!"
cheated on definition,2,7470108,,"Violations of academic honesty include but are not limited to the following. Cheating. Definition: Cheating is intentionally using or attempting to use unauthorized materials, information, notes, study aids or other devices or materials in any academic exercise. Clarification"
cheated on definition,3,7262147,,"Cheat sheet definition: â another name (esp US and Canadian) for crib sheet | Meaning, pronunciation, translations and examples English Dictionary | Thesaurus | Translator | Grammar | Scrabble | Blog"
cheated on definition,4,152702,,casen definition. A 6'3 jerk who cheats on their gf Allison has actually a 1 inch peepee he plays track soccer and baseball jays take his feet all times his BFF is Andrew and Amish and Darian i believe. He goes to obvious lake high school.
cheated on definition,5,421094,,"What does the word surtitles mean? Find and lookup the definition, synonyms, and antonyms of the word surtitles in our free online dictionary! Scrabble Cheat, Scrabble Help, Word Finder, Crossword Solver"
cheated on definition,6,8076442,,"What does the word goff mean? Find and lookup the definition, synonyms, and antonyms of the word goff in our free online dictionary! Scrabble Cheat, Scrabble Help, Word Finder, Crossword Solver"
cheated on definition,7,8726027,,"What does the word ruffle mean? Find and lookup the definition, synonyms, and antonyms of the word ruffle in our free online dictionary! Scrabble Cheat, Scrabble Help, Word Finder, Crossword Solver"
cheated on definition,8,2924232,,"What does the word bismal mean? Find and lookup the definition, synonyms, and antonyms of the word bismal in our free online dictionary! Scrabble Cheat, Scrabble Help, Word Finder, Crossword Solver"
cheated on definition,9,8090240,,"Data Cookbook definition cheat sheet. To jump start creation of a new definition according to Data Cookbook best practices, copy the Generic Definition Template, which contains most of the necessary information. From the Definition menu, select Create a definition, and then follow the steps below to create a new definition. Steps: Definition name"
cheated on definition,10,2611500,,"Definition of defraud for English Language Learners : to trick or cheat someone or something in order to get money : to use fraud in order to get money from a person, an organization, etc. DEFRAUD Defined for Kids"
